Consultas principales,Clics,Impresiones,CTR,Posición
calculadora de pladur,1,4,25%,4.5
calculadora materiales pladur,1,3,33.33%,34.33
calculadora cop,1,2,50%,2
calculo de cop,1,1,100%,2
piso,1,1,100%,3
evapotranspiration calculator,1,1,100%,5
fórmula para calcular riego por goteo,1,1,100%,61
tile calculator,0,46,0%,83.33
eer to cop,0,42,0%,39.93
coeficiente eer,0,21,0%,50.76
tiles calculator,0,20,0%,88.9
cálculo laje maciça,0,19,0%,29
calcto,0,15,0%,2.47
rockwool insulation calculator,0,14,0%,13.21
airspeed calculator,0,13,0%,4
eer cop,0,11,0%,61.09
tile calculator square meters,0,11,0%,86.18
square metre calculator tiles,0,11,0%,87.64
rockwool calculator,0,10,0%,39.7
cop to eer,0,10,0%,53.4
tile area calculator,0,10,0%,85.6
square meter calculator for tiles,0,10,0%,93.5
wall tile calculator uk,0,9,0%,77.11
concrete block calculator,0,9,0%,78
wall tile calculator,0,9,0%,81.56
tile calculator cm,0,9,0%,81.89
tile square meter calculator,0,9,0%,94.11
abschreibung auto berechnen,0,8,0%,65.62
tile adhesive calculator,0,8,0%,78.62
m2 calculator tiles,0,8,0%,82.75
how many tiles,0,8,0%,84.5
tiling calculator,0,8,0%,86.62
how many tiles do i need calculator,0,8,0%,88
tile coverage calculator,0,8,0%,90.5
calculate tiles needed,0,8,0%,91.62
floor tiles calculator,0,8,0%,94
mifflin st jeor equation resting metabolic rate women formula,0,7,0%,3.71
z score calculator,0,7,0%,76.29
cmu block calculator,0,7,0%,77.86
tile calculator m2,0,7,0%,84.29
tile overage calculator,0,7,0%,89
how to calculate how many tiles i need,0,7,0%,90.43
floor tile calculator,0,7,0%,93.43
convert eer to cop,0,6,0%,52
eer to kw/ton,0,6,0%,53.83
cop to kw/ton,0,6,0%,57
calculateur remboursement anticipé,0,6,0%,63.33
excavation volume calculator,0,6,0%,76
cop to seer,0,6,0%,83
tiling cost calculator,0,6,0%,92.17
calculate how many tiles i need,0,6,0%,93.17
shower tile calculator,0,6,0%,95.67
mifflin st jeor equation resting metabolic rate men formula,0,5,0%,6.8
bernoulli formula,0,5,0%,9.4
cop eer,0,5,0%,30.4
eer calculator hvac,0,5,0%,50.4
holztreppe berechnen,0,5,0%,64.4
eer to kw ton,0,5,0%,66.2
inflationsrechner,0,5,0%,73.6
gerüst rechner online,0,5,0%,74.4
molarity calculator,0,5,0%,77.4
work out how many tiles i need,0,5,0%,78
cálculo de la temperatura de punto de rocío,0,5,0%,85.2
punto rocio calculo,0,5,0%,86.4
tiling area calculator,0,5,0%,91.8
how many tiles per m2 calculator,0,5,0%,93
how many tiles do i need,0,5,0%,93.8
mifflin-st jeor equation men bmr 10*weight + 6.25*height - 5*age + 5,0,4,0%,2
mifflin st jeor equation women 10 weight + 6.25 height - 5 age - 161,0,4,0%,2.5
15 factorial value,0,4,0%,9.25
cop rechner,0,4,0%,10.5
calcular cop,0,4,0%,10.75
erdarbeiten rechner,0,4,0%,13.5
mifflin st jeor formula,0,4,0%,28.5
abschreibung pkw gebraucht rechner,0,4,0%,52.25
holztreppe selber bauen berechnen,0,4,0%,66.75
calculo de hormigon,0,4,0%,68
kfz abschreibung rechner,0,4,0%,75.5
cement block calculator,0,4,0%,75.75
eer air conditioner calculator,0,4,0%,77
raid calculator,0,4,0%,77
lumen rechner,0,4,0%,79.5
tile estimator,0,4,0%,83.25
target weight,0,4,0%,86.25
tile calculator uk,0,4,0%,88.25
shower wall tile calculator,0,4,0%,92.75
voltage drop calculator mm2,0,4,0%,95.5
tile calculator square feet,0,4,0%,96.25
mifflin-st jeor equation women 10 weight + 6.25 height - 5 age - 161,0,3,0%,2
mifflin st jeor equation bmr formula 10*weight + 6.25*height - 5*age + 5,0,3,0%,4
mifflin st jeor equation bmr men 10*weight + 6.25*height - 5*age + 5,0,3,0%,4
mifflin-st jeor equation men 10*weight + 6.25*height - 5*age + 5,0,3,0%,4
tdee calculator formula,0,3,0%,4
mifflin st jeor equation female 10*weight + 6.25*height - 5*age - 161,0,3,0%,4.33
tablas para calcular escaleras de madera,0,3,0%,6.67
calcolatore di sterro,0,3,0%,15.67
distancia ortodrómica,0,3,0%,22.67
erdarbeiten berechnung,0,3,0%,22.67
klimaanlage cop,0,3,0%,32
true airspeed calculator,0,3,0%,33.33
calcul point de rosée,0,3,0%,36.33
calculadora pladur,0,3,0%,36.67
calculateur zone de fréquence cardiaque,0,3,0%,36.67
block work calculator,0,3,0%,45.67
calculadora de losas de concreto,0,3,0%,46.67
amortizacion de vehiculos,0,3,0%,49.67
stefan boltzmann constant,0,3,0%,58
abschreibung fahrzeug berechnen,0,3,0%,63
turns ratio for transformer,0,3,0%,63
calcolo tubazioni,0,3,0%,67.33
excavation calculator,0,3,0%,67.33
speed calculator,0,3,0%,68.67
bandwidth calculator,0,3,0%,69
abschreibung pkw berechnen,0,3,0%,69.67
calcolo volumi di scavo,0,3,0%,70.33
ldl calculator,0,3,0%,77.67
tile calculator wall,0,3,0%,78.67
square meter calculator tiles,0,3,0%,81.33
calculator for tile,0,3,0%,81.67
dachziegel rechner,0,3,0%,82.67
calculate energy efficiency ratio,0,3,0%,85.67
bathroom tile calculator,0,3,0%,87
tile calculator bathroom,0,3,0%,92
como calcular el vo2 max,0,3,0%,94.67
spannungsteiler berechnen,0,3,0%,95.67
mifflin st jeor equation men bmr 10 weight + 6.25 height - 5 age + 5,0,2,0%,2
mifflin st jeor equation bmr men 10*weight+6.25*height-5*age+5,0,2,0%,4
mifflin st jeor equation women 10 weight 6.25 height 5 age,0,2,0%,4
"mifflin st jeor equation resting metabolic rate men formula 10 weight 6.25 
height 5 age 5",0,2,0%,4.5
tas to ias calculator,0,2,0%,6
mifflin st jeor equation bmr formula,0,2,0%,7.5
formula de crecimiento exponencial,0,2,0%,8
tdee calculation formula,0,2,0%,8
calculo eer,0,2,0%,9
calculadora de riego por goteo,0,2,0%,10
mifflin st jeor equation female bmr formula,0,2,0%,10.5
suma de decibelios,0,2,0%,16
calcolatore ph,0,2,0%,30.5
newton seconds,0,2,0%,34.5
cop to eir,0,2,0%,39.5
disponibilité serveur,0,2,0%,39.5
calculadora material pladur,0,2,0%,41
amortizacion vehiculos,0,2,0%,44.5
calculo losas,0,2,0%,47.5
auto abschreibung berechnen,0,2,0%,50
cte boltzmann,0,2,0%,50
eer to cop conversion,0,2,0%,50.5
calculo de laje,0,2,0%,51
turns ratio of a transformer formula,0,2,0%,52.5
transformer turns ratio calculation,0,2,0%,54.5
exponential growth calculator,0,2,0%,59
calcolo calcestruzzo,0,2,0%,59.5
amortizacion vehiculo empresa,0,2,0%,61.5
bandwidth calculation,0,2,0%,65
mifflin st jeor calculator,0,2,0%,65
wall tile cement calculator,0,2,0%,65
amortizacion coche,0,2,0%,66.5
wasserbedarf berechnen,0,2,0%,67
calculadora rentabilidad alquiler,0,2,0%,68.5
calcul volume tuyauterie,0,2,0%,69
calculadora azulejos pared,0,2,0%,70.5
molarity calculator online,0,2,0%,70.5
annuity calculator present value,0,2,0%,71
calcular horas de sueño,0,2,0%,71
cmu calculator,0,2,0%,71
abschreibung pkw rechner,0,2,0%,72
rechner spannungsteiler,0,2,0%,72
z calculator,0,2,0%,72
calculadora hormigón,0,2,0%,73.5
calcular hormigon,0,2,0%,73.5
calculating daily pay,0,2,0%,75.5
excavation calculator in tons,0,2,0%,75.5
capacitor energy calculator,0,2,0%,76.5
factorial calculator,0,2,0%,77
wandfliesen berechnen,0,2,0%,79
como calcular seguro de vida,0,2,0%,79.5
ldl cholesterol calculator,0,2,0%,79.5
calcular punto de rocio,0,2,0%,80
calculator for tiles,0,2,0%,80
lumen watt rechner,0,2,0%,80
tiles adhesive calculator,0,2,0%,80
cinder block calculator,0,2,0%,81
quartiles calculator,0,2,0%,81
tiling adhesive calculator,0,2,0%,81
tile wall calculator,0,2,0%,82.5
calculo de hormigon armado,0,2,0%,83.5
tile laying calculator,0,2,0%,83.5
tile mortar calculator,0,2,0%,83.5
blockwork mortar calculator,0,2,0%,85
calculate wall tiles,0,2,0%,86.5
fórmula para calcular seguro de vida,0,2,0%,87.5
work out m2 for tiles,0,2,0%,87.5
spannungsteiler,0,2,0%,88
tile layout calculator,0,2,0%,88.5
tile count calculator,0,2,0%,89
calcular prima seguro de vida,0,2,0%,89.5
how much grout per m2,0,2,0%,91
spannungsteiler formel,0,2,0%,91
tiles measurement,0,2,0%,91
tile calculator shower,0,2,0%,91.5
calcular sección cable,0,2,0%,92.5
calculo hormigon,0,2,0%,94
how many tiles will i need,0,2,0%,94
tile shower calculator,0,2,0%,94
cop berechnen,0,2,0%,94.5
how much tile adhesive per square meter,0,2,0%,95
coeficiente de eficiencia,0,2,0%,98.5
"""beam calculator"" -site:reddit.com -site:twitter.com -site:x.com 
-site:wykop.pl -site:tripadvisor.com -site:youtube.com -site:yelp.com 
-site:booking.com -site:facebook.com -site:instagram.com -site:tiktok.com",0,1,0%,1
50 mq,0,1,0%,2
calculadora eer,0,1,0%,2
mifflin st jeor bmr equation,0,1,0%,2
mifflin st jeor equation bmr calculation,0,1,0%,2
mifflin st jeor equation bmr formula 10*weight + 6.25*height - 5*age + s,0,1,0%,2
mifflin st jeor equation bmr formula male 10*weight+6.25*height-5*age+5,0,1,0%,2
mifflin st jeor equation bmr male 10*weight + 6.25*height - 5*age + 5,0,1,0%,2
mifflin st jeor equation bmr women 10*weight+6.25*height-5*age-161,0,1,0%,2
mifflin st jeor equation bmr women formula,0,1,0%,2
mifflin st jeor equation men bmr 10*weight + 6.25*height - 5*age + 5,0,1,0%,2
mifflin st jeor equation men bmr = 10 weight + 6.25 height - 5 age + 5,0,1,0%,2
mifflin-st jeor equation bmr men women 10 weight 6.25 height 5 age,0,1,0%,2
mifflin-st jeor equation female 10 weight + 6.25 height - 5 age - 161,0,1,0%,2
mifflin-st jeor equation men bmr 10 weight + 6.25 height - 5 age + 5,0,1,0%,2
mifflin-st jeor equation men bmr = 10 weight + 6.25 height - 5 age + 5,0,1,0%,2
mifflin-st jeor equation women 10*weight + 6.25*height - 5*age - 161,0,1,0%,2
mifflin-st jeor equation women 10 weight 6.25 height - 5 age - 161,0,1,0%,3
concrete mass calculator,0,1,0%,4
mifflin st jeor bmr formula men,0,1,0%,4
mifflin st jeor equation,0,1,0%,4
mifflin st jeor equation 10 weight 6.25 height 5 age 5 male,0,1,0%,4
mifflin st jeor equation 10*weight + 6.25*height - 5*age + 5,0,1,0%,4
mifflin st jeor equation bmr 10*weight + 6.25*height - 5*age + 5,0,1,0%,4
mifflin st jeor equation bmr formula men 10*weight + 6.25*height - 5*age + 5,0,1,0%,4
mifflin st jeor equation bmr male,0,1,0%,4
mifflin st jeor equation female bmr 10 weight 6.25 height 5 age 161,0,1,0%,4
mifflin st jeor equation men 10 weight + 6.25 height - 5 age + 5,0,1,0%,4
mifflin st jeor formula bmr men,0,1,0%,4
mifflin-st jeor equation 10*weight + 6.25*height - 5*age + 5,0,1,0%,4
mifflin-st jeor equation bmr 10*weight + 6.25*height - 5*age + s,0,1,0%,4
mifflin-st jeor equation bmr male 10*weight + 6.25*height - 5*age + 5,0,1,0%,4
mifflin-st jeor equation bmr men 10*weight+6.25*height-5*age+5,0,1,0%,4
mifflin-st jeor equation female 10*weight + 6.25*height - 5*age - 161,0,1,0%,4
mifflin-st jeor equation women 10 weight 6.25 height 5 age 161,0,1,0%,4
bmr mifflin st jeor equation male,0,1,0%,5
calculadora de azulejos,0,1,0%,5
calculadora de losa,0,1,0%,5
mifflin st jeor equation bmr formula 10*weight + 6.25*height - 5*age,0,1,0%,5
mifflin st jeor equation formula,0,1,0%,5
mifflin st jeor equation formula bmr,0,1,0%,5
mifflin st jeor equation male 10*weight+6.25*height-5*age+5,0,1,0%,5
mifflin-st jeor equation women 10 weight kg 6.25 height cm 5 age -161,0,1,0%,5
mifflin-st jeor equation women 10 weight kg 6.25 height cm 5 age 161,0,1,0%,5
bmr and tdee calculator formula,0,1,0%,6
mifflin st jeor equation men kcal,0,1,0%,6
mifflin st jeor equation resting metabolic rate men,0,1,0%,6
mifflin st jeor equation woman bmr formula,0,1,0%,6
mifflin st jeor formula bmr,0,1,0%,6
3000 watt electricity bill,0,1,0%,7
30x30 calculadora,0,1,0%,7
insulation calculator rockwool,0,1,0%,7
mifflin st jeor equation bmr male formula,0,1,0%,7
mifflin st jeor equation resting metabolic rate male formula,0,1,0%,7
tdee calculator how to calculate,0,1,0%,7
true air speed calculator,0,1,0%,7
calculadora de aislamiento térmico,0,1,0%,9
calculadora producto escalar,0,1,0%,9
mifflin st jeor equation basal metabolic rate men formula,0,1,0%,9
tdee calculator mifflin st jeor,0,1,0%,9
bernoulli fórmula,0,1,0%,10
eer wärmepumpe,0,1,0%,10
u.s. navy body fat formula 1.0324 0.19077 0.15456,0,1,0%,10
7l/100km,0,1,0%,11
calcul distance orthodromique gratuit,0,1,0%,11
eer berechnen,0,1,0%,11
qvb formula,0,1,0%,11
betonträger 4m,0,1,0%,12
formula bernoulli,0,1,0%,12
natursteinmauer berechnen,0,1,0%,12
poh formula,0,1,0%,12
poteau beton 4m,0,1,0%,12
calcolo poh,0,1,0%,13
calculo losa de hormigon,0,1,0%,13
cop hvac,0,1,0%,13
logaritmo natural formula,0,1,0%,13
simulador preço janelas alumínio,0,1,0%,16
calculateur de mur de soutènement,0,1,0%,18
circuit rc formule,0,1,0%,21
internet bandwidth calculator per user,0,1,0%,22
calculadora de azulejo,0,1,0%,23
ldl laskuri,0,1,0%,23
thermal insulation calculator,0,1,0%,23
calculo materiales pladur,0,1,0%,26
calculo de eer,0,1,0%,27
calculer carrelage,0,1,0%,28
point de rosée calcul,0,1,0%,28
calculo de losa de hormigon,0,1,0%,29
calculo de losas,0,1,0%,30
calcular material pladur,0,1,0%,31
calcular pladur,0,1,0%,31
lumenrechner,0,1,0%,31
calcolo iperfocale,0,1,0%,34
calculo de losa maciza,0,1,0%,34
cop wärmepumpe rechner,0,1,0%,34
ley de snell formulas,0,1,0%,34
calculo losa maciza,0,1,0%,36
fórmulas del efecto doppler,0,1,0%,36
hvac cop,0,1,0%,36
calcolo cemento per metro quadro,0,1,0%,37
crecimiento exponencial,0,1,0%,37
calcolatore raid,0,1,0%,38
calcul zone fréquence cardiaque,0,1,0%,38
calcolo volume tubo,0,1,0%,40
calculer vitesse,0,1,0%,40
werkzeugkosten berechnen,0,1,0%,41
cop klimaanlage,0,1,0%,42
formule legge di ohm,0,1,0%,42
calcolo volume tubazione,0,1,0%,43
calculer le point de rosée,0,1,0%,43
cs for doors calculator,0,1,0%,44
wall tile adhesive calculator,0,1,0%,44
calculo de riego por goteo,0,1,0%,45
eer y cop,0,1,0%,45
body fat navy method,0,1,0%,46
wasserbedarf rechner formel,0,1,0%,46
calcolo profondità di campo,0,1,0%,47
dosificador de hormigon online,0,1,0%,47
kontrastverhältnis,0,1,0%,47
supercap energy calculator,0,1,0%,47
calculer la vitesse,0,1,0%,48
ecuación de bernoulli,0,1,0%,48
medida bloque de cemento,0,1,0%,48
como se calcula la amortización de un vehículo argentina,0,1,0%,49
resistencia led,0,1,0%,49
calculadora hormigon,0,1,0%,50
calculadora ritmo natacion,0,1,0%,50
led spot rechner,0,1,0%,50
monthly cagr calculator,0,1,0%,50
wasser trinken rechner,0,1,0%,50
calcolo zone cardio online,0,1,0%,51
calculador hormigon,0,1,0%,51
dachziegel einteilung berechnen,0,1,0%,52
calcolo temperatura percepita,0,1,0%,53
resistencia para led,0,1,0%,53
body fat us navy method,0,1,0%,54
convert cop to eer,0,1,0%,54
met calculator,0,1,0%,54
wärmeausdehnung berechnen,0,1,0%,54
cte stefan boltzmann,0,1,0%,55
factorial expression calculator,0,1,0%,55
formula titulacao,0,1,0%,55
mifflin st jeor,0,1,0%,55
partitore di tensione formula,0,1,0%,55
present value of an annuity calculator,0,1,0%,55
calculadora de cemento arena y grava,0,1,0%,56
calculadora de hormigon,0,1,0%,56
planilha cálculo de laje maciça grátis,0,1,0%,56
spannungsabfall rechner online,0,1,0%,56
topps tile calculator,0,1,0%,57
berechnung video,0,1,0%,58
calculate bandwidth,0,1,0%,58
heat expansion formula,0,1,0%,58
ldl cholesterol calculator online,0,1,0%,58
calcular hormigón,0,1,0%,59
calorías quemadas andando,0,1,0%,59
exponential growth solver,0,1,0%,59
spannungsabfall kabel berechnen,0,1,0%,59
calculator exponential growth,0,1,0%,60
cop and eer,0,1,0%,60
data bandwidth calculator,0,1,0%,60
thermal expansion formula,0,1,0%,60
bandwidth calculator online,0,1,0%,61
calcular litros,0,1,0%,61
kw/ton to cop,0,1,0%,61
raid volume calculator,0,1,0%,61
calcular volume litros,0,1,0%,62
convertisseur poids,0,1,0%,62
scaffolding cost estimate calculator uk,0,1,0%,62
calcolo eer,0,1,0%,63
present value of annuity calculator,0,1,0%,63
raid 6 capacity calculator,0,1,0%,63
wärmeausdehnung rohr durchmesser berechnen,0,1,0%,63
calcular volume em litros,0,1,0%,64
calculate excavation volume,0,1,0%,64
katch mcardle calculator,0,1,0%,64
calculadora concreto laje,0,1,0%,65
calorias quemadas andando,0,1,0%,65
cop aire acondicionado,0,1,0%,65
ecuacion mifflin,0,1,0%,65
salary to hourly calculator,0,1,0%,65
volume of excavation,0,1,0%,65
calcular ley de ohm,0,1,0%,66
chance berechnen,0,1,0%,66
chancen berechnen,0,1,0%,66
raid array calculator,0,1,0%,66
magnetische anziehungskraft formel,0,1,0%,67
tasa de dilución,0,1,0%,67
topps tiles calculator,0,1,0%,67
wan bandwidth calculator,0,1,0%,67
arbeitsaufwand berechnen,0,1,0%,68
bmr calculator mifflin-st jeor,0,1,0%,68
código de cores das resistências,0,1,0%,68
mauersteine berechnen,0,1,0%,68
navy method body fat,0,1,0%,68
tiempo de lectura,0,1,0%,68
transformer turns ratio calculator,0,1,0%,68
calcul température de rosée,0,1,0%,69
calculadora atletismo,0,1,0%,69
ethernet bandwidth calculator,0,1,0%,69
mph calculator,0,1,0%,69
office bandwidth calculator,0,1,0%,69
bandwidth vs speed calculator,0,1,0%,70
calculator for factorial,0,1,0%,70
calculo riego,0,1,0%,70
formule bernoulli,0,1,0%,70
scaffold cost calculator,0,1,0%,70
tile measure calculator,0,1,0%,70
calculate speed,0,1,0%,71
cop calculator heat pump,0,1,0%,71
lauf pace rechner,0,1,0%,71
z obtained calculator,0,1,0%,71
calculate body fat navy,0,1,0%,72
codigo de cores do resistor,0,1,0%,72
raid speed calculator,0,1,0%,72
tile calculator online,0,1,0%,72
vehicle depreciation calculator,0,1,0%,72
cmu block estimator,0,1,0%,73
conversion poids,0,1,0%,73
ecuacion bernoulli,0,1,0%,73
lumen berechnen formel,0,1,0%,73
water storage calculator,0,1,0%,73
calculo aislamiento termico,0,1,0%,74
gerüstbau kosten rechner,0,1,0%,74
value of z calculator,0,1,0%,74
weight predictor calculator,0,1,0%,74
calculadora sección cable trifásico,0,1,0%,75
calculo de fontaneria,0,1,0%,75
calculo de hormigon para losa,0,1,0%,75
calculo diferencia,0,1,0%,75
codice resistenze colori,0,1,0%,75
codigo das cores resistores,0,1,0%,75
conversion des poids,0,1,0%,75
cop calculator,0,1,0%,75
mifflin formula mujer,0,1,0%,75
raid 5 calculator,0,1,0%,75
raid 6 calculator,0,1,0%,75
raid disk calculator,0,1,0%,75
resolution calculator,0,1,0%,75
speed calculation,0,1,0%,75
subway tile calculator,0,1,0%,75
tile adhesive thickness calculator,0,1,0%,75
calculator molecular weight,0,1,0%,76
calculo de trafo,0,1,0%,76
molarity concentration calculator,0,1,0%,76
present value annuity calculator,0,1,0%,76
tile calculator with grout,0,1,0%,76
z-score calculator,0,1,0%,76
conversor medidas de comprimento,0,1,0%,77
formula de cop,0,1,0%,77
mortar calculator for tile,0,1,0%,77
quartile calc,0,1,0%,77
calculator hourly,0,1,0%,78
cavity block calculator,0,1,0%,78
eer and cop,0,1,0%,78
file size calculator video,0,1,0%,78
how many 50x50cm tiles in 1 square meter,0,1,0%,78
raid berechnen,0,1,0%,78
rc glied berechnen,0,1,0%,78
running pace,0,1,0%,78
water tank calculation,0,1,0%,78
5k pace calculator,0,1,0%,79
speeding calculator,0,1,0%,79
z values calculator,0,1,0%,79
calculadora maratón,0,1,0%,80
calculate tile,0,1,0%,80
molar concentration calculator,0,1,0%,80
wieviel wasser pro kg körpergewicht rechner,0,1,0%,80
annuity payment calculator present value,0,1,0%,81
calculadora online gratis grande,0,1,0%,81
calcular v02 max,0,1,0%,81
floor tile adhesive calculator,0,1,0%,81
molar weight calculator,0,1,0%,81
como calcular el seguro de vida,0,1,0%,82
concrete block estimator,0,1,0%,82
lumen berechnen,0,1,0%,82
tile calc,0,1,0%,82
tiles calculation,0,1,0%,82
working out fuel consumption,0,1,0%,82
calculo de una losa,0,1,0%,83
cmu mortar calculator,0,1,0%,83
grout calculator cmu,0,1,0%,83
hourly rate calculator,0,1,0%,83
mortar calculator for block,0,1,0%,83
resistor color code calculator,0,1,0%,83
tabella dei colori resistenze,0,1,0%,83
tile calculator in cm,0,1,0%,83
unidade de energia,0,1,0%,83
calcul du point de rosée,0,1,0%,84
calculate tile adhesive,0,1,0%,84
gerüstkosten berechnen,0,1,0%,84
heat pump cop calculator,0,1,0%,84
measuring for tiles calculator,0,1,0%,84
stahlträger dimensionierung online,0,1,0%,84
thermische längenausdehnung formel,0,1,0%,84
tile glue calculator,0,1,0%,84
work out tiles needed,0,1,0%,84
wörter pro minute,0,1,0%,84
টাইলস পরিমাপ ক্যালকুলেটর,0,1,0%,84
cement block estimator,0,1,0%,85
construction calculators,0,1,0%,85
measuring tiles calculator,0,1,0%,85
temperature expansion calculator,0,1,0%,85
underfloor heating output calculator,0,1,0%,85
wall tiles calculator,0,1,0%,85
calcular macros,0,1,0%,86
codice dei colori resistenze,0,1,0%,86
concrete calculator for block walls,0,1,0%,86
how many concrete blocks do i need,0,1,0%,86
mpls bandwidth calculator,0,1,0%,86
online tile calculator,0,1,0%,86
concrete blocks calculator,0,1,0%,87
converter medidas de comprimento,0,1,0%,87
cuantos bloques lleva una pared de 3 metros,0,1,0%,87
how to calculate excavation volume,0,1,0%,87
mortar block calculator,0,1,0%,87
quartile calculator,0,1,0%,87
target weight calculator,0,1,0%,87
tiles calculate,0,1,0%,87
bathroom tiles calculator,0,1,0%,88
block cement calculator,0,1,0%,88
calculate concrete blocks,0,1,0%,88
car speed calculator,0,1,0%,88
cmu wall calculator,0,1,0%,88
deflection calculator,0,1,0%,88
height and weight calculator,0,1,0%,88
how to calculate resolution,0,1,0%,88
how to work out tile coverage,0,1,0%,88
water intake equation,0,1,0%,88
wheatstone bruecke,0,1,0%,88
work out tile area,0,1,0%,88
aluminium window cost calculator,0,1,0%,89
annuity present value calculator,0,1,0%,89
block mortar calculator,0,1,0%,89
cable voltage drop calculator uk,0,1,0%,89
eer calculation hvac,0,1,0%,89
thermische längenausdehnung berechnen,0,1,0%,89
area calculator for tiles,0,1,0%,90
calculating tiles for walls,0,1,0%,90
ceramic tile calculator,0,1,0%,90
cmu block grout calculator,0,1,0%,90
healthy weight,0,1,0%,90
how much grout per square meter,0,1,0%,90
measurement tile calculator,0,1,0%,90
molecular weight calculator,0,1,0%,90
my weight,0,1,0%,90
tile calculator for bathroom,0,1,0%,90
tile calculator for shower,0,1,0%,90
tile spacing calculator,0,1,0%,90
cement blocks calculator,0,1,0%,91
coulomb force calculator,0,1,0%,91
stefan boltzmann formula,0,1,0%,91
tile calculator for walls,0,1,0%,91
tile estimator calculator,0,1,0%,91
dachlatten berechnen,0,1,0%,92
calcular seccion cable,0,1,0%,93
calcular seguro vida,0,1,0%,93
calculate tile area,0,1,0%,93
seguro de vida calcular prima,0,1,0%,93
thermal expansion calculator,0,1,0%,93
area tile calculator,0,1,0%,94
calcolo platea di fondazione,0,1,0%,94
dilucion 1 10,0,1,0%,94
measure for tiles,0,1,0%,94
square footage calculator tile,0,1,0%,94
cable voltage drop calculator,0,1,0%,95
calculate data transfer time,0,1,0%,95
calculate tile cost,0,1,0%,95
how many floor tiles do i need,0,1,0%,95
how much tile adhesive do i need per square meter,0,1,0%,95
how to compute excavation volume,0,1,0%,95
wet underfloor heating calculator,0,1,0%,95
dachziegel berechnen,0,1,0%,96
how to calculate excavation volume with slope,0,1,0%,96
wall tile layout calculator,0,1,0%,96
wall tiles calculation formula,0,1,0%,96
weight calculator,0,1,0%,96
calcular roi,0,1,0%,97
calculo de prima seguro de vida,0,1,0%,97
flooring tile calculator,0,1,0%,97
healthy weight calculator,0,1,0%,97
how many wall tiles in a box,0,1,0%,97
riduzione mutuo,0,1,0%,97
tile calculator layout,0,1,0%,97
diferencia entre fechas,0,1,0%,98
floor tiling calculator,0,1,0%,98
how much grout per square metre,0,1,0%,98
tile square footage calculator,0,1,0%,98
goal weight,0,1,0%,99
how to calculate tiles for bathroom wall,0,1,0%,99
how to work out how many tiles i need,0,1,0%,99
tiles square feet calculator,0,1,0%,99
wandfarben rechner,0,1,0%,99
what does wpm mean in typing,0,1,0%,99
calculate weight,0,1,0%,100
calculo para piscina,0,1,0%,100
square meter tile calculator,0,1,0%,100
tile calculator square footage,0,1,0%,100